<?xml version="1.0" encoding="utf-8"?>
<extension type="library" method="upgrade" version="3.2.0">
	<name>Curl</name>
	<libraryname>curl</libraryname>
	<author>Hassan Amouhzi and others (see github)</author>
	<creationDate>March 2014</creationDate>
	<copyright>Copyright (C) 2014</copyright>
	<license>
		The MIT License (MIT) see License.txt
	</license>
	<authorEmail>hassan@anezi.net</authorEmail>
	<authorUrl>www.anezi.net</authorUrl>
	<version>1.1.1</version>
	<description>
        Curl Library
	</description>
	<files>
		<folder>src</folder>
        <file>curl.xml</file>
        <file>jautoload.php</file>
	</files>
</extension>
